Feature 1,Feature 2,Feature 3,Feature 4,Feature 5
37.454011884736246,-32.62872452178781,35.93682536328166,0,11.680450825055487
95.07143064099162,-56.02697913214178,49.16894427371305,1,107.30815861912723
73.1993941811405,-64.26248311000185,34.952796259689975,0,11.846243716838789
59.86584841970366,-57.051464915020276,57.60055963689602,0,9.33765068100775
15.601864044243651,-20.87834795436052,50.824397529345035,0,41.24771403016962
15.599452033620265,-28.69127251021554,35.4244850053507,0,33.31339061988403
5.8083612168199465,-17.155521291689517,46.907909229501364,0,39.20367502144261
86.61761457749351,-76.18179285042136,42.478435944094166,0,7.771049804444361
60.11150117432088,-47.036715267576994,53.1917451041918,1,77.1760799737054
70.80725777960456,-31.73139222094378,63.40450446023144,0,7.0649237479590425
2.0584494295802447,-8.091032830652985,31.248275303542556,0,13.04305122802936
96.99098521619943,-80.70810348040622,51.150260791474174,1,93.78372281987494
83.24426408004217,-70.66909382196434,48.398672044333594,0,32.395840064415616
21.233911067827616,2.1640997830425484,56.713400764504655,0,16.0377032189824
18.182496720710063,1.6698507295558844,52.131966282376894,1,70.79618591955808
18.34045098534338,-30.469653588268258,42.48030668261181,0,26.04120889588518
30.42422429595377,-23.746052128913192,46.80946064333382,0,43.036387521047885
52.475643163223786,-52.20302499116839,42.03974143196511,1,47.42642892859329
43.194501864211574,-34.98037713332618,60.76007138598598,0,32.59233239786799
29.122914019804192,-23.744673308279534,50.21311648671942,1,82.37133837984777
61.18528947223795,-63.02248866743032,69.01190685753008,1,75.83683615526672
13.949386065204184,-3.4188379289027395,49.39339186185379,0,30.071333364731597
29.214464853521815,-24.813383536932204,42.91593233089537,1,86.32670111376306
36.63618432936917,-22.374818132919703,34.862856073871725,1,99.65287862121346
45.606998421703594,-29.968155325878143,31.96860323744055,0,11.760645130280004
78.51759613930136,-58.1764950594115,34.158640569945106,1,94.06216238760388
19.967378215835975,-19.305909147174475,52.67126651011483,0,40.49812095785926
51.42344384136116,-33.957525748136774,55.08725023229934,1,99.67540173908992
59.24145688620425,-66.2295073925662,34.188092979678665,0,27.82130001531459
4.645041271999773,9.703076515692741,58.950383140761154,1,76.19485883686428
60.75448519014384,-45.80051348969469,45.1693894831656,0,12.201470537783612
17.052412368729154,-7.0459640208707,51.467930119855495,1,87.3388180261449
6.505159298527952,-26.908795704128355,66.12220628255425,0,6.504237884484677
94.88855372533332,-78.85916462794029,58.96839315865532,1,67.41660988961395
96.56320330745594,-92.72823073799427,47.314693520941674,1,81.01757770875406
80.83973481164611,-42.3883822537623,41.08807774584713,1,49.701090017657954
30.46137691733707,-28.37485552190854,28.48184598670695,1,101.62917508702834
9.767211400638388,-21.158231054862267,42.8084668075758,1,72.3143863898496
68.42330265121569,-55.97290196010392,47.88869761172305,1,80.83795909766745
44.01524937396013,-51.19440512514838,40.12820472848816,1,75.35525429017908
12.203823484477883,-2.003732036076725,48.68743032907695,0,10.141961913321733
49.51769101112702,-60.754364411685316,50.768518829587684,1,37.43740337903932
3.4388521115218396,-37.23455354350622,47.751440181919214,1,79.75084486511136
90.9320402078782,-67.30305375970768,43.4999741917654,1,78.41271863753454
25.87799816000169,-14.019860706989776,51.68654671966728,1,73.19545418612476
66.2522284353982,-74.80254990508408,54.41940649569409,0,23.514799003522015
31.171107608941096,-48.630468273113564,39.096009225571535,0,0.21774750625189654
52.00680211778108,-33.76254128692584,64.10932379746271,1,91.57694265853492
54.67102793432797,-37.43402009102452,49.014118677157384,1,85.34379183059126
18.485445552552704,-10.561587309134556,50.188496229448475,1,98.92278878803273
96.95846277645586,-57.400012555650534,57.08214423256557,1,69.99216372833742
77.51328233611146,-48.230846671626196,52.332161312635016,1,69.00546651314362
93.9498941564189,-60.097803823854115,59.53136633913245,0,4.57198484790354
89.48273504276489,-60.06922455764999,52.87124165201824,1,86.37981962495165
59.78999788110851,-47.31172499408509,43.87562625359562,1,56.82593979984862
92.18742350231169,-77.26315978989716,53.61503525206102,0,13.657141523105969
8.84925020519195,-30.336907556364714,38.56273792679338,1,85.79573980772092
19.59828624191452,-0.7033183824497513,51.085597057765234,1,92.56646332319883
4.522728891053807,-18.3830190899918,49.66770009355539,0,24.21546083536561
32.53303307632643,-22.816593797678514,47.918831427274604,0,22.668183962954018
38.8677289689482,-30.35222753037207,48.71462488561069,1,87.8483477860555
27.134903177389592,-31.830214924410733,31.18150954502361,0,23.700611152689554
82.87375091519293,-49.458170408719866,44.512750922590385,1,49.73991802816383
35.67533266935893,-34.2764123282479,50.928449011411146,1,37.51511112523789
28.093450968738075,-24.9715438981863,51.598563919974005,1,92.20971290296612
54.26960831582485,-50.80245561278211,39.72324859074042,1,81.9292617560745
14.092422497476264,-15.611467656598283,62.65707840864701,0,10.10042207447986
80.21969807540397,-101.00526055898659,41.33825151785499,1,100.83536544444142
7.455064367977082,3.6020482693880727,59.69457200526737,0,11.889991363711552
98.68869366005173,-70.98600060301412,54.27194361871685,1,104.24450064082875
77.22447692966574,-52.432473647361135,43.53772690156197,0,22.58661147855388
19.87156815341724,-7.565097735329973,67.75310892609512,1,79.48174064069055
0.5522117123602399,9.119037539709574,38.0636316824352,0,27.828737349485724
81.54614284548342,-83.07216224300002,59.191541736100014,0,15.68874430424901
70.68573438476172,-77.8561512276572,60.005823180429786,0,24.080528468367557
72.90071680409874,-49.759379037036844,43.293797909233554,0,25.50797572273663
77.12703466859458,-49.216294138312236,63.92465300064329,1,80.68345821712848
7.4044651734090365,-12.99480548452329,47.49953485401047,0,11.74346317197858
35.84657285442726,-20.39391261932724,52.88693629279857,1,90.55160199708341
11.586905952512971,-18.76350202834304,52.603218387712204,1,112.32393016074712
86.31034258755935,-72.09211938281697,48.65691258529452,1,75.27055017070813
62.329812682755794,-27.127688421246162,58.10808273159782,0,-0.8647765837108459
33.08980248526492,-49.68442000816286,57.93488720552213,0,21.6048962397348
6.355835028602364,-32.02283311931472,32.51468026761819,1,67.96579959290685
31.09823217156622,-15.686755379987183,63.043402428781526,0,16.399607312430174
32.518332202674706,-20.199142363100005,33.37508011964326,0,12.71922902144679
72.96061783380641,-62.6564751279187,60.32546204341657,1,71.51635448189015
63.75574713552131,-56.02144955822243,61.26705136827583,1,72.93026418273323
88.72127425763266,-80.85518349619858,39.09033569784802,1,90.77626135207461
47.22149251619493,-67.9302620944512,45.891857120454155,0,7.421318440911122
11.959424593830171,-6.913331262653397,38.94295331514064,1,70.37499769804427
71.3244787222995,-45.0851243097628,47.850789697112646,0,25.904220612514635
76.07850486168974,-40.17301546913389,46.919657158142584,0,18.57853463059454
56.127719756949624,-33.938225206430914,57.796605322693395,1,80.53349111049491
77.0967179954561,-61.18046980325793,63.10308746119608,0,30.294574815983573
49.379559636439076,-66.42201566191808,63.95683810789956,0,28.723153800284503
52.27328293819941,-34.05445686501695,44.37831973421698,0,8.569806879262714
42.75410183585496,-37.56010074326745,47.90778126255472,1,64.17338486779326
2.541912674409519,-1.787186698436334,33.1656180777905,1,92.34174171251004
10.789142699330444,-26.457213261185615,41.94129933503811,1,65.56023482121536
3.142918568673425,-40.41832124304306,59.64851633097457,1,90.3915354777329
63.64104112637804,-42.949801307297626,66.15582823548232,0,18.4975701120174
31.435598107632668,-17.8068868483328,37.65651128120078,1,92.92154788449207
50.85706911647028,-56.348068449212306,44.075357408471056,0,19.16282040150788
90.7566473926093,-82.83369025848211,49.73594243041073,0,8.804538716168313
24.929222914887493,-47.6439882179505,52.80161158819607,1,71.35370635497735
41.038292303562976,-41.58955662273984,41.90396480078354,1,102.06552036225656
75.55511385430486,-55.054709721638,54.24061044464089,0,32.29214784297051
22.879816549162246,-27.16367569971444,45.26160652929084,0,26.030946849488338
7.697990982879299,-22.788946495047057,49.855477291217206,0,11.49464721252956
28.9751452913768,-35.487348951061904,55.462842480037,0,44.85189916678891
16.122128725400444,-20.506813446929822,50.064222698109376,1,65.74904753800809
92.96976523425731,-90.37593253124317,45.63614109473431,1,58.34593606745352
80.8120379564417,-82.18906422183845,48.90390196074169,1,72.75635240809224
63.34037565104234,-71.40468538639678,49.11637040794665,1,78.75927464155261
87.14605901877177,-79.44749552886205,46.29988970117872,0,28.394685045184048
80.36720768991145,-61.786994947176346,47.41203937332897,1,94.26959366449225
18.657005888603585,-17.126310007382713,65.98647170504717,1,87.90346885498691
89.25589984899777,-89.50235437682358,55.60919447941239,1,77.13691670670231
53.93422419156507,-30.893344288443522,47.045196819708394,1,77.0270648543042
80.74401551640625,-70.12531204621851,56.969544045107355,1,87.65236203372775
89.60912999234932,-65.78722180896906,46.6618051024399,0,23.326075103241976
31.800347497186387,-25.87145034177137,61.73124637586641,1,81.894712992248
11.005192452767677,-27.980931901323622,53.69642192198094,0,17.77279299223393
22.793516254194166,-21.101299023653883,48.92697855995771,0,30.651719657143865
42.71077886262563,-34.86517131244273,54.477169258102776,0,34.52616745486179
81.80147659224932,-45.04333915910067,34.291238479315005,0,10.836790809265803
86.07305832563435,-80.0522501509158,38.73232531090195,1,88.66967785459336
0.6952130531190703,-10.238433159611388,38.060749936009444,1,88.66045287659992
51.07473025775657,-73.30860505578717,51.429430947637066,1,78.07010830471916
41.7411003148779,-28.776206727607306,67.32514999485092,1,101.10402118837627
22.210781047073024,-21.055879752617503,72.31300146192632,1,72.73822258122773
11.98653673336828,-13.329984642355953,56.380511014407574,0,24.24066861518451
33.7615171403628,-50.671012908742355,55.00844474944457,0,20.394470482407396
94.29097039125192,-74.00334332719726,31.98942265847261,1,70.87473852980993
32.320293202075526,-30.04155744821551,44.57326200265978,1,88.88795460976642
51.87906217433661,-50.621697385217374,42.12216248091761,1,86.1445417802599
70.30189588951778,-59.0406535589596,43.79152401748884,0,-1.325956261548363
36.3629602379294,-22.393863972085597,48.318561814152105,0,30.126374096440717
97.17820827209607,-80.65391651115146,45.27909422302873,1,79.43160377424753
96.24472949421113,-93.10025984326549,30.207001896242122,0,52.430929695947334
25.178229582536417,-4.744854174863232,57.47910256117534,0,43.079162506161104
49.72485058923854,-41.77442558359398,39.27256974260193,1,90.84240342478267
30.087830981676966,-13.568452561253977,52.39246864111149,0,18.936629974686852
28.484049437746762,-40.71293898407005,70.74082669749973,1,95.10735800895003
3.6886947354532795,19.896847783393998,40.80615408413577,0,37.031726099180375
60.956433397989684,-40.38131900931792,24.697124772536704,0,3.619709425639833
50.26790232288615,-45.872499984276736,47.139957781198895,0,2.1362453464531335
5.147875124998935,-27.601160538514257,61.00959634998571,1,78.78623993505968
27.864646423661142,-21.3054632228341,69.58347454220593,0,25.827375831738642
90.82658859666537,-64.33327797693433,37.70450405547583,1,83.15901258946462
23.95618906669724,-47.38230729496665,54.966992232365214,0,30.6977145498385
14.48948720912231,10.128618738945814,45.34689543219947,1,103.89004997424325
48.9452760277563,-6.174131472903817,48.94051645695864,0,-3.1614386296887673
98.56504541106007,-85.45225307964805,76.44343347017035,1,62.16554870697557
24.20552715115004,-11.833608355630869,34.970296716048466,1,79.25179768807824
67.21355474058785,-38.45235153550959,52.537396614945735,1,64.30818372406243
76.16196153287176,-71.5549159357877,54.676931717654334,0,21.450637459593818
23.763754399239968,-22.668014225959958,60.857863249393475,0,27.931756882186775
72.82163486118596,-49.79612842789784,50.97983153470896,0,18.779428678787227
36.77831327192532,-10.218084637476839,53.08050539504102,1,68.13677312458152
63.23058305935795,-63.67132637168854,46.08351432578209,1,80.51012144342221
63.35297107608947,-60.43539453025149,52.69126941245107,1,59.52467306860047
53.57746840747585,-41.37433676928994,46.5680772450259,0,6.51952888059833
9.02897700544083,-34.92273654506765,56.21571889856051,0,12.853193230095682
83.5302495589238,-50.77292815224675,46.30389663956366,0,25.212799050138145
32.07800649717358,-2.779527633867783,53.77100393902187,1,80.02428547035412
18.651851039985424,-4.542859783769673,49.707371863150215,1,86.22159336183186
4.077514155476392,-2.578221079048646,61.26050250772168,1,104.06508662462895
59.08929431882418,-50.921527194899724,49.48606276411514,0,18.18496837864333
67.75643618422824,-50.58660807953764,32.26967531793119,1,82.07967775565126
1.6587828927856152,-6.607857261942944,62.619215007139914,1,63.70810551227885
51.2093058299281,-22.19435330108582,40.94267699137381,0,34.288577078135674
22.649577519793795,-39.77613107693393,43.4623366135118,1,81.46719939639961
64.51727904094498,-50.38155555686746,44.04338705956508,1,96.55900320052861
17.436642900499145,-30.708751794221232,63.74438093170817,1,76.1557876362264
69.09377381024659,-60.41589924386283,28.643257860213044,1,76.46125206031815
38.67353463005374,-37.790125991349754,81.37748533659993,0,15.517753836998505
93.67299887367345,-83.48490830242181,60.56056809066052,0,13.077496707341037
13.752094414599325,-17.717303931939185,52.2323891412916,1,84.42457183563232
34.10663510502585,-36.92614948203384,49.451059993837134,0,21.034381293081065
11.347352124058908,-29.0151696512336,52.85554074857657,1,99.2140936500009
92.46936182785628,-76.92330700780708,55.211224283793385,1,70.0186655280581
87.7339353380981,-80.82220463430617,56.45215585950057,1,90.82855228157212
25.79416277151556,-19.28929480290405,55.55604466003449,1,60.950021039091865
65.99840460341791,-74.40048191447643,50.895806812552486,0,19.88907996051398
81.72222002012158,-55.23189148520822,48.02661579692674,0,11.869856277398702
55.52008115994623,-71.43017142161922,48.487267163464885,0,28.232799156777055
52.965057835600646,-41.769677008815364,48.05091719647319,1,65.08357217300312
24.18522909004517,2.1134432597345842,61.337700968670646,0,20.176132519336573
9.310276780589922,-9.369787648133777,55.935567222808615,0,10.246339727217501
89.72157579533267,-61.56148577414292,20.596113653357197,1,76.20855117355723
90.04180571633304,-84.64309780789729,56.55900776529761,1,95.44119651432989
63.31014572732679,-40.85875689232557,51.94736194718775,0,14.47079162632698
33.90297910487007,-20.42963178567436,49.81291243554102,0,30.01824853681937
34.92095746126609,0.40634499517009104,46.11481546911114,1,65.37790136115737
72.59556788702393,-51.291859520883,61.24112719986013,0,12.17996507488963
89.71102599525771,-35.41063089677182,59.475264621228575,0,12.40296882519713
88.70864242651173,-47.208371588923534,42.27122332176391,0,2.2893144691190876
77.98755458576238,-73.79626351077437,54.07052287124535,1,91.73944739474777
64.20316461542878,-63.14953407210551,40.28343265458714,0,1.6885512166164993
8.413996499504883,-13.113060626378378,36.203818352110694,1,98.03676871974608
16.162871409461378,1.5743450193690922,43.73282775410035,1,63.57094221735793
89.85541885270793,-71.16866474003665,58.62393472382759,1,32.34944280205999
60.642905965958995,-48.46028668640867,59.53125045376087,0,18.49679539728128
0.9197051616629648,16.63970620855777,55.130854200972934,1,84.37345515022959
10.147154286603211,-30.66869795578983,57.25095786847997,1,54.63992558590322
66.35017691080559,-66.24057588727955,55.16178287114958,1,65.32250681200091
0.5061583846218687,2.909535899747464,43.585184047770476,1,121.32826615579853
16.080805141749867,-13.267931698317856,54.31922544673941,1,75.41584078769294
54.87337893665861,-47.02444526854018,58.00409525227683,1,90.96438464564324
69.18951976926932,-24.725592789051106,57.542913298135744,1,70.24010258947425
65.19612595026005,-48.449240022399096,61.88913371474643,1,48.645456517202646
22.42693094605598,-7.711781036877806,57.083038472010635,0,33.032780373160634
71.2179221347536,-41.95003755937914,53.51448207541583,0,25.861658003927833
23.724908749680008,-14.763422606454682,60.701502383164275,0,15.875861817835197
32.539969815926774,-52.99727375548426,49.7347874075094,1,78.28038746740411
74.64914051180241,-69.33195532844708,41.18125348772282,1,83.96402407468454
64.96328990472146,-43.40294707703522,48.36933036056236,1,77.7482457311929
84.9223410494178,-76.52661455987662,42.55097355193551,1,61.039907480789545
65.76128923003434,-73.59936293281751,43.24821725025618,1,87.29277187342909
56.830860333547164,-59.33419351052927,48.55481329284482,1,50.759423670163656
9.367476782809248,-8.388436975050011,42.075800790000386,0,10.066413004180493
36.77158030594335,-19.713212579171074,46.9203847036096,1,91.08770742052351
26.520236768172545,-31.689539118741884,31.063853330462145,0,6.114574461687889
24.398964337908357,-25.42145225165293,52.13293707372939,0,3.997288954962901
97.30105547524455,-91.26874268061164,50.012054753622245,0,7.827173077795207
39.30977246667604,-40.97539499857037,41.82911368931809,0,21.594625068041292
89.20465551771133,-87.1070151439591,56.59245668432405,1,76.05879878470245
63.11386259972629,-42.462561906372514,59.37570137626558,1,56.0615904713883
79.48113035416485,-83.34581526784677,33.924401356310256,0,20.347137487525618
50.26370931051921,-43.17496151880137,42.37275221433786,1,89.78495507265019
57.69038846263591,-77.28122385948771,42.30857650212702,1,101.40958046433825
49.25176938188639,-29.063598234165596,40.600968988911355,0,28.1079864559171
19.52429877980445,-41.6588960713223,58.294748419317486,1,91.34732531474148
72.24521152615053,-60.76483097286014,48.06173861227197,0,24.201915428949917
28.07723624408558,-12.690518941051739,47.35485158689389,1,89.89176861670417
2.431596643145384,5.313010196298516,29.961376355932465,1,67.94077377908778
64.54722959071678,-46.832574049658625,56.35418030209226,0,7.355015930450344
17.711067940704893,-20.531343548592663,37.60741605146528,0,2.068935474654232
94.04585843529144,-83.07921906876565,50.599326302663286,1,99.80621014675751
95.39285770025873,-67.70878610112831,52.773769379581914,1,66.88346527490123
91.48643902204485,-72.82383233372114,63.60658595838651,0,16.02320306385396
37.01587002554444,-61.7467513996135,36.91179600880888,1,75.80738805055199
1.5456616528867428,-27.149676873820063,19.804878441791747,1,77.62541782985504
92.83185625877253,-80.81034005212851,51.83849544753695,1,77.24219160261185
42.81841483173143,-34.82478403790815,68.00511181510853,1,67.31490343258831
96.66548190436696,-79.13285542426749,62.38946352939438,1,79.78851551139992
96.36199770892529,-86.29236775809649,52.096594152746256,1,79.06027666817268
85.300945546736,-52.898867959412726,45.08363814367953,1,83.61860372610094
29.444889206958567,-19.69526330421668,58.071225966373106,0,8.238266634452193
38.50977286019253,-5.779057179990183,40.26453800295531,0,24.875602970867185
85.11366715168569,-74.07928056042773,54.76357769356219,0,31.818910929599618
31.692200515627768,-35.06169950804333,55.054701591666266,1,64.24065017258299
16.94927466860925,-6.311622800396789,60.6020990749888,1,93.03158750886156
55.68012624583501,-68.1539024460185,77.59660038911078,0,14.717029533370209
93.6154774160781,-56.505896987827356,53.92415967178767,1,88.81783832206602
69.6029796674973,-33.716760530850536,44.910363742925014,1,89.29608177054303
57.0061170089365,-48.97167088554878,49.74425687808006,0,10.298757396203564
9.717649377076853,-23.4805940408438,32.30924095110882,1,81.39468869794115
61.500722669916975,-74.45949350780161,43.05286868910942,0,32.37653757511998
99.00538501042632,-72.32104406530696,45.90717561886896,0,23.79767636040896
14.008401523652402,-27.386933720391355,44.759116020654076,1,100.26278496048508
51.832965236373674,-40.888745146588334,51.52354872033722,1,70.19481289043871
87.73730719279554,-67.60043625512414,41.775800676177994,0,13.856768559037056
74.07686177542044,-72.51638848263644,61.210306673244716,1,81.1354241000764
69.7015740995268,-65.54610245582273,50.002070649181974,1,90.28384619447624
70.24840839871092,-32.552844364205,49.90699678861385,0,6.282568707364945
35.94911512197552,-50.90739734346885,46.72105283487082,0,36.087808557343735
29.359184426449335,-44.188717853371244,51.551906838589794,1,87.96463492946135
80.93611554785136,-55.36545191563815,58.25098264667635,0,30.90861670603698
81.01133946791808,-70.7461245758956,41.328697842890996,1,72.05799554739488
86.70723185801037,-76.77623828064938,43.41883510924743,1,71.57236850972451
91.32405525564712,-76.9693506918763,46.96273971223335,1,87.19041430144134
51.13423988609378,-32.652814601193725,36.54129076526785,0,14.75337592933197
50.15162946871996,-30.046953055905195,41.807421402785025,1,118.23514563076583
79.82951789667752,-63.480303252470335,45.23779126455341,1,87.96539142341315
64.99639307777652,-69.5880497511117,58.74389180712728,0,8.928431831975484
70.19668772577033,-64.31135249953276,52.62561329001925,0,16.34494063014734
79.57926694361011,-58.1041985735965,51.93589911367545,0,18.487007797674778
89.00053418175663,-82.77590800513049,58.50897962167972,1,93.06119966882605
33.79951568515358,15.688526761328266,48.62628211600603,1,94.2321964470743
37.5582952639944,-47.27812171677708,53.904648499288896,0,12.76009668257391
9.3981939840869,18.577151494401974,48.96778247067504,1,77.87711369949578
57.8280140996174,-40.825797158646935,52.653623493996285,0,15.480506280881222
3.5942273796742086,13.919666515652793,44.17241342388418,1,67.60832012428187
46.55980181324602,-17.82761931478323,25.61182841723571,0,19.929550145194455
54.26446347075766,-60.823972587283926,48.65720837813696,1,59.74166053485526
28.65412521282844,-15.907782150584381,64.2274813609994,1,78.86192823972465
59.08332605690107,-52.464219071481594,59.26215402241593,1,54.729986341604196
3.050024993904943,-1.7362113119361933,59.653974845911705,0,23.195246707829554
3.7348188749214417,-10.143467508283976,62.36130721806218,0,36.536172684922846
82.26005606596583,-66.9603732186765,50.88657590961437,1,82.20402947580031
36.019064141126286,-9.570367950072484,51.973157074055955,0,29.961182149111288
12.706051265188478,-25.10884330385788,43.8234810456565,0,6.097780748465373
52.224326005480435,-34.373112056964665,46.8392714397295,0,21.577614392937694
76.99935530986109,-38.25075576799261,56.15771149771142,1,61.33186249872916
21.582102749684317,-10.843954785258768,62.038844371688164,1,83.49302131140347
62.28904758190003,-72.34263492503469,48.60553724319001,1,70.87990785594015
8.5347464993768,-19.581123331203834,45.498107351485885,0,31.91899334413573
5.16817211686077,1.095244322629271,50.005279588565976,0,29.500158286696454
53.1354631568148,-37.26950496067541,56.01206748929115,1,86.48325036138881
54.06351216101065,-38.42628396054778,35.56145183866458,1,69.77929647395639
63.742990149820656,-82.14561187326913,27.03819046862762,0,18.037193486120632
72.60913337226616,-63.81633848128623,44.494631505084165,1,94.90673321795659
97.58520794625346,-84.51879106486882,37.79287574085841,0,21.75536229578598
51.630034830119534,-56.75827967457326,44.91859802352689,1,67.21419850888844
32.2956472941246,-29.418355220697382,48.52219681182528,0,11.096821519801281
79.51861947687037,-59.72926339418575,45.467515909769865,1,89.48681324963451
27.083225126207424,-18.721332364691268,64.52467534470745,1,72.88732737344053
43.89714207056361,-34.04369476523993,53.2674476460232,1,68.42342063910688
7.845638134226595,-5.718176959733652,53.004743596108284,0,18.378760245201416
2.535074341545751,-12.9425026277913,56.22207144043402,1,83.4124381359808
96.26484146779251,-77.7910614613435,38.61166882219231,1,89.53951626067607
83.59801205122058,-77.86801079921015,60.391117874202685,0,26.928575842374368
69.59742060936979,-54.4671877858671,49.2423571346454,1,61.71073300216709
40.89529444142699,-33.89576340788295,56.70480617241213,1,71.45825338261834
17.329432007084577,16.109464662313954,39.28142766959844,1,78.13967918915004
15.643704267108605,-26.259878534224107,34.46241233983936,1,64.03669989773977
25.024289816459532,-25.21675899163752,58.17889658025029,0,30.0163182520856
54.92266647061205,-58.908284824384424,53.76409526097517,1,54.6724221789725
71.45959227000624,-13.72384314309965,40.9794844564249,0,27.10549102297785
66.01973767177313,-84.14141070912942,41.303369187253054,1,90.06366872415313
27.993389694594285,-20.300867333347824,61.254347844147695,1,89.05685780416842
95.48652806631941,-93.01196470411827,38.10588107132672,1,74.121848519197
73.78969166957685,-43.433164428778525,66.42672953255963,0,18.6993970644638
55.43540525114007,-53.539932776850605,40.99379265352131,0,36.69069525826331
61.17207462343522,-33.136426251143334,56.38391925608383,1,74.40097631088028
41.96000624277899,-24.211470583786117,46.71381524251015,1,89.66777737467937
24.773098950115745,-48.52894946809439,56.03187431082343,1,93.92368537016486
35.597267865126156,-25.61757828065073,44.558859978858074,1,72.55202396777047
75.78461104643691,-63.88918193484537,48.37207093927706,1,62.697613610228245
1.4393488629755868,-14.202495050711782,50.40919175395721,0,25.85904201164649
11.607264050691624,-16.72103956014237,39.978125442185274,0,12.63229864052378
4.600264202175275,-5.936494938893866,57.408243454201255,0,5.847328080758125
4.072880231897013,-8.732719222510992,44.867864335284146,0,22.185340424109455
85.54605840110072,-104.4880804994547,47.714000846599816,1,92.40673142848652
70.36578593800236,-55.42834679489811,40.056506253914876,1,82.36961468377177
47.41738290873252,-40.950392027710535,24.376663412046895,1,60.921214983309156
9.783416065100148,-23.5865487921943,48.08972237399831,0,19.081552356650448
49.16158751168324,-55.912159003716354,74.12615421612915,0,19.12564671222819
47.34717707805657,-55.68319624585095,57.84604287898024,0,25.483196275544987
17.320186991001517,-23.43710292323898,49.80739620265605,0,29.495945713644883
43.385164923797305,-17.563058248080594,47.37109170791732,1,99.3911793427731
39.85047343973734,-56.38185173630632,50.22465892812046,0,38.55503314794263
61.585009805221645,-32.072826948897,55.4711911517521,1,84.57864689797029
63.50936508676438,-55.34702404799701,38.19187184691155,0,16.535734939931004
4.530400977204452,7.689816968526808,61.143216946688725,1,101.21280932496634
37.46126146264712,-29.006933971222814,57.15381315441244,1,86.71090905603464
62.58599157142364,-55.00022941169112,57.18185725707934,0,16.636130545888637
50.31362585800877,-45.07125891816112,54.38475738809727,1,73.27185745208207
85.64898411883223,-74.84799860859506,50.1961665769399,1,83.57832430660609
65.8693631618945,-76.9011595653953,56.7286123596682,1,60.64157867080672
16.29344270814297,-19.837768689224074,55.91814133741378,0,21.722543864110374
7.056874740042984,-1.9831502626746573,46.45959289058976,1,96.4482067734538
64.24192782063156,-65.8548497808306,44.26398227103099,1,47.13119223252078
2.6511310541621813,-19.96296217719935,51.01856295261987,1,103.01723152691773
58.57755812734633,-28.44792927482218,65.49020151495188,1,96.83561328054739
94.02302414249576,-84.17942036174448,37.60892924346099,1,73.10353076254286
57.5474177875879,-56.555525364733796,35.324747342475604,1,88.15086241807714
38.816992620652194,-26.590141546121878,51.647608412365166,1,80.0472159035949
64.32882184423532,-72.09865967506255,50.50887701856018,1,98.44985552658025
45.825289049151664,-34.40939743383343,51.73341664370408,1,94.74024714154912
54.56167893159349,-45.53298994734793,52.439531979085004,1,58.99893915225486
94.14648087765252,-72.72110733786397,47.76797745365195,1,88.80893620196265
38.610263780077425,-31.121896737783956,64.89863438602082,1,76.91558219535129
96.11905638239142,-60.45111880248512,33.99096021523484,0,14.030257132789261
90.53506419560637,-50.82728811757069,41.71502975219754,1,69.07742148545276
19.579113478929642,-39.5808667315183,48.96745239850953,1,106.22205603681253
6.9361300875165455,7.155516154761681,33.568111888458326,1,95.60092729853864
10.077800137742665,6.808645131650476,48.241455955679285,1,68.90343254040549
1.8221825651549728,30.843105651931744,66.61470165728018,0,24.28186247810576
9.44429607559284,2.028989354868261,50.20886488295962,1,74.21491053533228
68.30067734163569,-34.79419497219608,52.30700905718683,0,7.209692637802137
7.118864846022898,-30.32531927886385,37.3983523482742,1,83.60308765919335
31.89756302937613,-40.665306763640416,43.83638591960523,1,98.79699237152366
84.48753109694546,-57.267769699890515,46.24803619676063,1,91.84879583271278
2.3271935735825866,-35.648291939030706,46.82284903243766,0,25.70507208354516
81.44684825889358,-79.88396091198878,62.81643795003769,1,84.90283100915656
28.185477477339994,-17.67591122924266,55.57691060725124,0,13.886147526113717
11.816482762165625,28.037899513371094,38.88542043062968,0,19.070557933864116
69.67371653641507,-90.10311181799318,52.46504778432005,0,17.6049807797825
62.8942846779884,-29.471840740936784,54.98221748496785,0,31.168337755299543
87.74720135270529,-45.51677987781086,61.40149038521267,1,87.5463555293562
73.50710438038858,-74.14423998445548,65.80540686568374,1,75.218775271308
80.34809303848486,-100.87476052587698,39.84905808172131,0,38.90440685155782
28.203457257130648,-43.326858083362296,41.89142488789662,1,78.14983903930835
17.743954377972283,-22.653800303163223,37.42422141085384,0,27.688396759688967
75.06147516408583,-68.97049525624796,47.659801408930186,1,70.16468420807834
80.6834739267264,-77.34801252308574,54.663583744463345,1,76.46433132714998
99.05051420006733,-90.62434020685535,59.87334516589102,1,65.90805137021026
41.26176769114265,-37.22728551245476,49.24048976357477,1,96.78867376346145
37.201808579278314,-31.32446342270079,46.80152476745156,1,75.58316363617949
77.64129607419969,-61.174139940866915,51.51757992248741,0,32.906444609225474
34.08035402530179,-15.954814387241287,41.64857098369977,1,102.93121775811363
93.07573256035647,-70.25045989528357,70.89538721694774,0,8.977302595441445
85.84127518430118,-43.27866793451017,33.923389728819416,1,64.87326901178976
42.89940273750184,-32.844427788080225,51.847405788957246,1,48.71153183399994
75.08710677914974,-45.24081881605603,70.2360621922964,1,57.919443904598126
75.45428740846823,-43.80959016853802,50.067998445599976,0,21.915773961940896
10.31238688359326,-10.948321774176785,48.099609649985055,1,100.67704441192257
90.25529066795667,-93.08426682953433,46.42554577189573,0,34.473056993918064
50.525237244785714,-54.19493888586327,48.19608318237592,1,85.84406786137981
82.64574661077417,-42.55908823427168,63.728484746765304,0,9.503445010900588
32.00496010306117,-10.759546033893876,27.88138088670493,0,33.62562852712452
89.55232284962005,-85.75342609951929,65.33433701296326,1,93.3061966466943
38.92016787341631,-16.398823395658408,35.76042847549855,1,84.30161168573879
1.083765148029836,2.5024851315315004,47.333476707655855,0,8.76505966760402
90.53819764192636,-80.68133959890937,45.707555797013384,0,22.42882013150275
9.128667678613356,7.222232680063845,55.8855326977072,1,104.53696709203723
31.93136375904149,-27.125723599422592,34.01875648116253,1,76.68436304694424
95.0061967050805,-55.99457494029133,54.62172666081943,1,81.04054703987104
95.06071469375561,-67.02805709573629,70.24309623286852,0,39.23445794824953
57.34378881232861,-50.67176006200094,36.368259954071895,0,12.25385029981418
63.183721216979926,-26.652070970608907,51.89706167610396,0,3.1081696203273843
44.84455219783198,-42.48276282767157,43.38017822203391,0,15.287362592974803
29.321077169806454,-23.16229475194495,54.25887206193036,1,78.27796626861405
32.8664545369916,-34.5805129458505,50.19147777415752,1,88.5015758927627
67.25184560770384,-57.160188497133,43.5851309095569,0,-0.6508304625632064
75.237452943768,-80.65206880462208,54.87872284871074,0,20.284575811831587
79.15790437258485,-65.20469103778649,68.04348109786743,0,-0.7781181985619696
78.96181427945538,-56.72836830668552,48.09096208272701,1,126.69365301565762
9.120610304869036,-9.130950789379487,57.19757942148182,1,92.12054284103107
49.442030470258146,-47.70309481175234,37.06727042128836,0,23.60647891435795
5.755876001664428,-5.337601856217107,40.43563623181991,0,11.36506395035066
54.95288823237355,-44.571185953957084,54.72406277880377,1,73.19878837424218
44.1530501373377,-24.792564792768836,64.84116028535965,1,53.06535241054978
88.77041827582998,-61.07282085739976,53.5561334878566,1,75.04864712447844
35.09150125520787,-7.03412192717089,46.86941969476845,0,6.331416367191736
11.706701642760587,-35.60901246201256,49.99291405423354,0,25.925672738473306
14.299168205283586,7.218613966642408,37.495922660302824,1,95.72723976575888
76.15106317174723,-50.527272570459175,56.045153263553665,0,13.701154476361896
61.82180633162611,-38.68133608176293,58.82333062323409,0,15.117261575484553
10.112267612279025,-21.51367974398984,45.4790966716692,1,77.87705543993229
8.410680611499743,-2.304299314819378,45.299578522404985,0,20.22630852676869
70.096913145912,-74.79366160683561,52.658782296520485,1,91.00321720258799
7.276300636419353,4.281318854522546,45.63280263959405,0,10.150068741829848
82.18600592903562,-69.93371717658552,49.338673853741774,0,21.98680009547407
70.62422271564962,-43.96917237362334,70.99721789166516,1,81.14913605677489
8.134878064189976,-38.68513936795281,47.52974299254004,0,14.208758903642536
8.483771408519193,11.026959158627339,46.41659847978778,1,48.42875741421478
98.66395785011754,-83.57847693349945,43.52458194364841,1,110.63266865802096
37.427079575612034,-39.448316874471104,57.441919714999365,0,14.823074271307853
37.06421470668909,-35.858358227123745,48.18775826781897,1,85.97220897683806
81.27995672575025,-62.24465049743458,43.506269616785744,0,41.69936588080543
94.72485773838586,-73.8325756947073,63.21304032273012,1,68.97324798913118
98.6001063822871,-79.53725718551632,64.19603004513637,0,1.4815726842534147
75.33781852589416,-58.06522479628801,43.99576434261295,1,56.00907856708533
37.62595855309158,-44.55895359439691,31.33460048639384,0,13.213569387058968
8.350071669866876,-39.83790235976377,60.07513689836922,1,61.48232002366406
77.71469159274368,-53.80937649907744,43.15370174239996,1,64.5205057422923
55.840424973580504,-24.12529528517824,57.90625599162769,1,73.39611193420399
42.42220092469763,-32.613530014489285,30.298961822881644,0,35.98538112096341
90.6354385094736,-111.20399087239366,58.92597338299309,0,28.021284586181196
11.119748230615134,3.1593199350538548,37.88828070719219,1,61.45796305954306
49.262510429085914,-63.99676042492975,57.307641190665244,1,98.81507541136008
1.1353644767419069,-26.073803792540133,50.142730678364344,0,8.488462634471308
46.86606419941263,-29.18902773391018,40.460605806033556,1,88.07652435824679
5.630327568183735,-13.039008242326119,45.929636870732196,0,11.90619178917246
11.881791626807193,-33.93138264837383,56.86318456956701,1,115.91542850873677
11.752624677710488,-3.715183627356084,51.05894453115234,0,25.16946515748371
64.92103021160635,-48.88311876774966,55.844129804724844,0,17.78486737047876
74.60448792654233,-50.95837663200421,69.76440584515485,1,104.35827489216729
58.336876509715964,-31.448150247379772,34.357583882889486,0,13.111144574245944
96.21725484745419,-67.23464070197323,66.17212574968624,1,87.48643724206624
37.48705795237041,-11.630542360462478,51.04355937523213,1,54.61593752535007
28.571208628186074,-23.368218926437255,41.01215951676872,0,3.841132125895271
86.85991281894603,-57.9383317892772,36.696863742610105,0,22.996476878373482
22.359583851945263,-21.39445575841743,48.10879609222967,1,92.42088222339964
96.32225394406113,-53.719368462194495,59.2165011192446,0,15.848997110366305
1.2154474689816341,-5.935561458402163,48.724508796224654,1,48.88270473475533
96.98788267076391,-90.093240560745,65.11154930247348,1,79.66947703993594
4.315991195057611,26.453241682525743,35.48824309948441,1,96.82792257191377
89.11431136980711,-76.90229764355928,49.87911052153945,0,23.933070500053237
52.77011090862999,-60.63112361400337,37.47606555586881,0,12.619429163386084
99.29647961193004,-61.292568409175956,53.63631882624968,0,21.812511626020505
7.379656473539886,-30.99231098139746,58.868873900973,0,24.60271624982304
55.38542844013208,-50.593627892596345,45.792382063189464,1,75.93027532897554
96.9302535619099,-66.96902501315179,23.95786143372866,1,61.751287937964356
52.30978441701488,-41.01129136874631,51.98948146796494,0,22.06361771325451
62.93986381352625,-58.72679473864684,54.367385517335094,0,34.62195938717637
69.57486889846172,-56.79997598995555,54.042947549616976,0,24.486357645145272
45.454106476777326,-44.4446250681174,62.35782191822154,1,77.92231633089163
62.75580800840635,-36.39454251053459,39.28946320350951,0,17.629880299873722
58.43143119231002,-49.28555731438919,56.802161054504495,1,75.42216731778872
90.11580104909889,-50.88692338570441,61.92507512477975,0,22.79267838216526
4.5446380341457875,-1.9673195070861254,32.21412415993483,1,74.9713387719796
28.096318959223034,-8.91844054540658,53.19651825918977,1,59.88402930047647
95.04114840765587,-64.99996958727819,44.958201689923285,0,10.083033365596895
89.02637838909163,-89.76250033942986,49.18477326898354,0,13.67119725115208
45.56567527857129,-52.82219203177107,53.476764835383364,1,80.47093798299164
62.013259780153675,-58.7476796377306,45.12771435886448,0,22.97244273380124
27.738118298113267,-5.80580316840193,43.24291920838388,1,79.6915916397424
18.81211597237613,-10.303566032478876,50.34152417488025,1,84.33775509678088
46.36984049399822,-55.29233789488633,39.12754061137197,1,62.31614763052512
35.33522280260528,-30.393931946682798,39.141748711148146,1,76.7049582147356
58.365611185087204,-81.48243204779519,56.79373282956503,0,4.624152035508246
7.773463696498483,-12.118538548114365,38.51205964841344,0,18.550954209185686
97.43948076661665,-80.8323213606438,56.66312500909212,1,83.01267639673564
98.62107444796028,-74.26011259533071,54.62591292853951,0,21.13140457053023
69.81617140197451,-57.85605069331385,32.741932712094034,1,80.6193118338116
53.60963663441204,-40.60066176182148,43.22435347664345,0,-0.07456860745009664
30.952761628632775,-35.383839453235076,61.94109403047372,0,16.116530616988417
81.37950197069486,-79.45413632847465,40.18834468860318,1,102.17107847534666
68.47311725538793,-42.98865189669111,45.355957376906126,0,26.336610247740587
16.26169393448913,6.959139155775366,54.62060893251896,1,82.03886850827521
91.09271844938425,-45.33109416295795,57.83390509282596,1,81.26700179584921
82.2537242923169,-73.42284933754168,47.48461113955504,1,63.9611825936738
94.9799913291924,-59.433493970745815,44.02489805308358,1,94.34442503137019
72.571950838836,-25.76420177678156,64.22369861698508,1,114.87009958779227
61.34151959357899,-54.90189474282765,67.3889966379758,1,79.74490888274254
41.82430362906189,-70.85443566474137,59.788580507817954,0,20.79801484058733
93.27284833540132,-74.52721499522265,50.85318142565024,1,81.26777713722991
86.60638895004084,-81.8624727768073,41.91734278359074,1,69.29622995139236
4.521867010618941,-4.844933986708628,41.695555934434346,1,52.68859583296975
2.6366974497252005,-0.6260131619130205,55.22514105265758,1,69.41339775356953
37.64633668780496,-43.9032165950605,54.18398220888684,0,18.865193541178588
81.0553330781833,-60.49014829971687,64.01598592946429,1,105.56153117088677
98.72761293149445,-82.9929750562741,56.50450092536139,1,78.27335459115142
15.041689110352818,-16.85881838122246,34.96919698240182,0,9.68044757905565
59.41307153521351,-37.509100423525084,60.51947617722919,1,93.33730737181709
38.08908566310215,-45.351903773529564,40.01939372685587,1,63.17373345716168
96.99143978146031,-74.96875547473714,46.16028728047648,1,68.49703942993172
84.21189231357087,-56.033336458464035,52.502002062516944,1,81.02108403872931
83.83287047111378,-75.11394403044709,69.95667489783965,1,95.43153487135221
46.86931597949703,-24.01843305673207,81.09918556005361,0,12.211629571795653
41.48195023376652,-33.60827754755014,56.06723059136183,1,83.72487713773823
27.340707193070624,-21.73578080479345,48.168033812796125,0,28.861911885847956
5.6375496650927115,-20.79847321954784,55.345056484805504,1,86.00353783290163
86.47223762550531,-76.29826359360354,58.87655425873836,1,83.02479357693882
81.29010091300776,-64.65667634922904,46.793323744428086,0,17.057574943635423
99.97176732861305,-92.24390835089476,67.95211355912322,0,33.56583385827982
99.66368370739053,-100.58406020117214,52.30070759191402,1,63.89467011623371
55.543170560262745,-52.80169104348813,54.97743089091394,0,22.31842092134848
76.89874151805105,-61.67428251209156,56.659242520544616,1,72.79028087767638
94.47657298824281,-55.90371490534185,54.21586610614456,0,12.226285151540935
84.96473906774115,-51.995086308062334,58.38940500469612,0,35.58789184496894
24.734810174319765,-15.2094775741358,43.82746813453077,1,58.93640650607617
45.05441353100935,-26.900847792418237,44.41698246053969,1,77.98729683984614
12.915941515149498,-7.528183667337908,38.99845767028305,1,87.79038118456832
95.40510272587224,-77.1738310541544,54.39501230620226,0,17.57301252174718
60.617463445088006,-56.43936207142137,57.78936503512114,1,71.15821400091923
22.864280550346272,-17.23394276939065,54.57772866151886,1,56.2635803896454
67.17006844058567,-61.03357940986156,66.74492433347538,1,92.25255517146472
61.81282404578958,-50.41737545878347,49.94403981170954,1,59.29101941150523
35.81627180328405,0.9789810526808225,56.687416555925125,1,73.45766837738772
11.355759219962902,5.005423531310992,39.08299123860686,1,76.13569271733509
67.15731955927996,-51.56454231159974,46.12900297525599,0,22.07603351400626
52.03077009037933,-23.479194929686855,56.95537757565778,1,90.33746685611503
77.23183917356393,-70.78440228879421,58.491021107431436,0,9.044806111544377
52.01635011119934,-64.57434257411492,47.060330523358175,1,75.89406121749859
85.21815003185401,-86.45594780094295,49.28400748141933,0,37.98725018351312
55.190683877448556,-40.950904038005724,34.821262533191906,1,82.24396936278183
56.093797153538624,-67.23592977558019,46.42970799193391,1,81.46740762061884
87.66536026583451,-72.36230007069928,58.90383163519786,0,17.569388011191336
40.3482866212397,-27.22233973022117,55.75205016106566,0,20.02287936143504
13.401522845064074,-1.5201783229371646,55.0066572138121,0,30.703651602299296
2.8782676313338973,2.2344311922548075,50.4977368718096,1,86.80378285263828
75.5137255673619,-54.58832817577109,50.07063158628176,1,56.266652498802834
62.03095513534647,-52.18100744390949,43.39678860526553,0,16.117569464784612
70.40797680992236,-58.73499116368586,56.98828420202535,1,87.19261322002413
21.296416150891073,-17.082823223014078,54.2097294438939,0,23.379575282321184
13.637147558676975,-17.463790593136828,54.920188479927994,1,69.61473838649309
1.4544665667881929,-19.02326737522567,44.739651573324196,1,70.11441087667032
35.058755880659696,-42.290316736147616,28.466570801287556,0,26.188862980231537
58.991768685463306,-24.919945421622092,60.97152711753696,1,88.04620849837015
39.22440450997323,6.929293415550735,45.211625439915956,0,23.813096122647845
43.747492202372904,-49.01279243048742,41.372242359568794,0,23.116528560047783
90.41586944937484,-51.82951508326855,56.934789119139936,0,4.810891749099323
34.82554670233004,-24.488956333473777,46.0798736008087,0,-6.307301368290634
51.39894891598108,-23.56746374189447,60.59936384046622,1,78.13571334256346
78.3653012741143,-35.66253445559115,56.17005949576698,1,76.82923655273046
39.65427823212701,-39.84536350877343,56.83569323200477,1,91.19917046903235
62.20867002278735,-61.15426342276959,36.340442887994655,0,22.435302041863444
86.23637087467452,-60.34144068883883,62.11943985386401,0,19.39596270803092
94.9520623657642,-37.09601551043772,52.61250531233856,1,67.21663035504014
14.707348092903793,-3.572211750535793,46.307228607537965,1,87.77152553044964
92.65876251614944,-80.00407009395775,51.43388467342251,0,12.530767149298324
49.21162930795382,-17.185629914751132,32.2376476710168,1,66.96069519517035
25.824438829895836,-23.409949860604005,54.08652811480671,1,79.83699294447541
45.913575623826134,-36.50121276146598,39.706284918179286,1,82.06028719110554
98.0032575285477,-87.0919785168545,36.47329714156466,1,123.77260332590139
49.26180939928696,-41.20315304564187,34.77640813782109,0,13.501731145025637
32.875161028750824,-11.70409470977733,61.12688374989925,0,20.841682301856963
63.34008543167258,-68.62064087030544,43.707366063072115,1,84.09516076241579
24.014561877819308,-16.8337059068509,65.337277099165,0,24.79827035366833
7.586332810866391,-5.659498156044136,44.64198536947702,1,78.62064826093601
12.887972191064922,3.688641633246002,32.92642042407053,1,80.24037923442741
12.804583895777244,-3.5944333487491402,38.83475560051341,0,15.672261164116113
15.190269351229436,1.1198252294199644,62.35811620006939,1,94.6043337414177
13.882717264941014,-8.511982913101468,48.441018220633325,0,17.026239207568935
64.08747448032146,-76.94560678639232,44.51712703509399,1,77.74078978055101
18.188008439914483,6.028110392038757,51.60018225852788,1,68.50818754083994
34.56672833238632,-3.4499616977579386,55.01782736167545,1,63.079061677884596
89.67884099060119,-93.81062770488509,61.17398815902461,1,84.64842169070951
47.39616402628724,-34.7770760637518,64.48499229892926,1,60.896216771051016
66.75577385210272,-43.36852800178343,46.40231354210914,1,73.78059649142206
17.231987120162984,-29.384160007071536,36.73952313917962,1,65.07239060151144
19.228901880867078,-6.2988884086407,45.86534838876724,0,18.246215441013092
4.086861626647886,-30.65963500452235,52.60280506582886,0,24.915056472467835
16.893506307216455,-23.6836931158622,40.36241073789389,0,19.907114384321844
27.85903390319586,-14.96855600037115,40.428490851049574,0,23.06981072686238
17.70104842767468,-46.5204619411223,53.437878815498856,1,78.12669671974899
8.87025337570556,1.989521144485627,49.51347648429549,1,80.23546693936638
12.06358711006008,-20.78230026818767,50.327969954115865,1,83.27988960135947
46.077876803272574,-41.35169014871544,42.41504665299931,0,14.907866374008655
20.63337184057925,-36.03281681344537,47.69599285794233,1,76.99041051761853
36.42698610480755,-52.56425683474883,40.757668557316954,0,14.150923465822302
50.34172708548569,-40.753443904375054,58.90198411124787,1,95.60646338967258
69.03948286293652,-43.93031823515647,60.35249334723753,1,50.674268445225756
3.9312139841098936,-10.044553331374662,31.538121377619063,0,43.490757867007574
79.94103989090426,-53.78710136644182,40.7048913980759,0,12.839565637241597
62.79003894909078,-80.43283987217197,35.03470744909921,0,15.833746943845375
8.17590319488719,-8.588752522150815,43.49976065593102,1,105.96754447650949
87.35786241067773,-64.40646665886055,49.16562030209639,1,70.46885179656894
92.08724005318132,-76.43999663051868,35.5035478030147,1,79.38060969489075
6.107795985486375,15.320657554556346,40.78140186874687,0,32.84095793948117
27.687764814720374,-7.576001274116528,39.960426279185015,1,71.13072816797158
80.62012797930613,-82.5023110026113,52.07267329398944,1,52.301404282933746
74.82596903836584,-50.00736104612174,50.6934433703625,1,73.570182096252
18.45210193563773,0.9419831917189079,42.78262446662747,0,30.973001875437088
20.93493233367103,-24.797737154846118,51.76820872139398,0,4.343519683944038
37.0472102791382,-47.42333054325552,44.533199154127345,1,67.30348547811532
48.45229851910213,-49.546138475257706,47.283448896739465,0,25.711794062192087
61.825477153029595,-64.40109700951092,66.73452090298537,0,22.436572237027143
36.891363956977244,-18.161164837039887,63.40461051790348,0,9.097915932005701
46.25347161331479,-15.675617289524173,37.004187630724026,1,82.24184134494965
74.74709381337566,-82.31767983003283,58.29732417879175,1,91.5612531442818
3.66832028905979,1.9055413513842039,58.11396554491592,1,115.72570297598818
25.243694434402077,-16.43246030069595,38.51736711247382,1,92.40854161486135
71.33495858845524,-76.99087899850007,58.18777643754861,1,97.39759949582516
89.52068376871993,-79.95999715598585,65.37931918412554,0,-8.54626662904391
51.167744211566614,-47.77251195047741,38.77455193755586,1,64.61197841045785
53.211348526531566,-75.04411399474151,40.824971789857365,0,8.739460390889498
10.717201133977605,1.0790125485200601,60.17661466843502,1,81.60754872889395
44.741236682345466,-49.71059126709493,52.71495310825648,0,14.619522415098615
53.261726645502314,-43.464578189858116,55.514762752395235,0,27.978437798957664
24.247050363472965,-23.426524473727227,53.40589216400497,0,1.406632283399425
26.924323094938096,-44.46648487213845,53.90695920928144,0,20.45491476330752
37.728416310462265,-37.80026939271417,36.73527871688917,0,25.583364232117056
2.007119777772637,-9.680137007962603,60.47317706621448,0,38.56647436561955
32.20791655831783,-41.853943306301296,61.69589992427774,1,72.39487011094917
21.144800699654464,-11.441549616580293,47.70609255931972,1,72.29149060026735
32.74973521779147,-13.61164316414808,49.56523050186138,1,62.01572903009186
11.976213181925122,6.091167364775407,34.68892497444278,1,106.77162558777643
89.0527280739895,-41.74683361855157,55.14254756017835,1,80.2017554692894
59.359245355404866,-78.33050323342873,55.72057441714144,1,76.62720416307722
67.91023191444896,-37.780060045733926,49.37808983000689,1,66.06811877821312
78.91712386073382,-59.81489473480048,61.24353359870503,0,6.265971110302509
49.84421989290573,-35.72317641599078,46.659227690200595,0,25.199021395287524
8.69202880874237,-11.564723514130407,55.646059258936006,1,73.5672811159089
53.71065418185478,-55.204581533573275,39.80335661307885,1,86.2375525442909
58.68411180208791,-59.85439176706652,49.76447849125762,1,89.00319448616416
74.54394741843299,-50.88899635621232,48.25645742097164,0,20.0855608082435
43.16595462296794,-32.02593799157818,52.25307922040942,0,4.291185428740878
12.758030279556376,-14.445123480969595,46.304730711666416,1,87.59236483191069
28.377590579872447,-18.971705571144753,48.68527404328332,0,13.891423601949342
36.30822963986351,-53.1567673521907,58.26047171441506,1,76.14582312317327
64.59172413316013,-59.038003581101876,45.63235762761782,1,84.61748558770827
57.077830466891186,-56.685431164260216,33.93422899261321,1,111.02339062258736
35.60967258978462,-38.43095710183889,67.4958390420542,1,59.03291782363554
98.65152487929797,-96.52332776571825,63.814540786904864,1,98.03864757837842
60.577481935688716,-51.17730892910658,37.07737304894381,1,82.69871554319626
23.72267917359945,0.47433588045813835,56.897078052451945,1,92.56745802844222
10.178247262040374,-14.137917085921924,44.97025229448657,1,78.47007925046103
15.285913918433202,-2.4583777278691272,52.634872153310596,0,28.920675997317204
24.595772838450813,-11.7473680445143,52.94224129013494,0,14.101076822443922
16.06813732595557,-21.649970142090854,47.65592199683678,0,26.986888135170435
18.656702405130577,-33.499607995609,42.16234334413603,1,94.58085448609583
28.50951686938471,-23.126687146548694,43.094589476837406,1,79.80043046932047
17.33735952947548,-18.502382812564843,40.83808084518758,1,71.00266965020226
89.67654246264252,-97.27445813964258,41.681777917695555,0,41.96223142152799
8.023374566164222,-10.029997345259902,49.328217099506446,0,24.929864585144593
52.451138957025464,-80.9861578783263,42.842400108892484,1,86.3583422366598
41.03968269896615,-41.31439084364609,56.820520657126195,0,30.753434019568978
98.23786169086064,-52.17884796535125,64.87246155335927,1,71.92139490055064
11.203890216805235,-20.263236490012176,44.19946758629957,1,72.9986178207284
39.785559904574164,-37.545823696900996,52.39404500535377,1,57.75523352026373
96.94704332753689,-96.9039259732707,54.996851103029336,0,22.338480257895984
86.55071258939803,-79.33829034056781,54.72002270919275,0,30.354434164169447
81.707207094928,-63.28892591618579,50.759552679160876,0,11.639378478999753
25.790282704493983,-2.2677526192547006,57.426824183597226,1,68.91953752505655
17.088758739006582,-10.535658131914888,54.82248952680657,1,55.59492618699877
66.8643219924431,-40.733650780814976,37.62337577672702,0,11.122304884614593
92.93759891275857,-65.64222738313603,58.69156064389273,1,98.78811096543846
55.67628930139298,-53.36970750742353,58.872908372667425,1,68.31470867720022
57.161268946989985,-70.77758272286309,42.367138958214184,0,27.595148874861078
27.997909366028416,-28.31840044016745,50.37937835447602,1,86.26197634731942
76.94929331919369,-43.621188724827185,56.833289928110695,1,97.86628782160216
18.704374855752338,-21.632539907903983,47.906861804206386,0,24.935602043342918
32.367923640424365,-43.843811212024264,60.729780477660114,0,22.90897057590006
42.54364386164168,-24.888171524522612,73.6387249461936,1,71.78142043689597
50.7610378684455,-38.59857279466264,42.140139673650175,1,59.9620639374708
24.240973241508023,-19.613101514144375,36.18955396846225,1,90.86204838971746
11.483682473920354,2.586528717097318,53.03818595604876,1,99.36137636183642
61.06200424416326,-58.5738099029885,57.21562505126143,1,118.81863460296026
28.863055324025577,-21.27622203010374,47.69133626155231,0,6.414259847425257
58.123822142261226,-52.792044372414395,64.53260663321035,1,90.48379527621184
15.436271527420232,0.9633654450953149,36.613942002767516,1,73.852981343097
48.114010185481746,-31.92933364353424,56.92918623031611,0,18.98719281298467
53.258943255158584,-53.44287497154344,43.94139179241107,1,57.942656731531244
5.182353682242691,1.4466143355823524,67.19377906207296,1,61.05845336452154
33.660427819392055,-52.832800024014716,69.92515353168119,0,19.31876574832047
13.441467693897424,-4.758631370898904,42.33343412216652,1,81.18446068502126
6.337497047276774,-8.440268524099707,44.5044286409142,0,40.93197932209945
98.99602323899452,-93.18568106929197,58.59587886979802,0,4.881165804367864
32.235384497472296,-4.512821603982363,46.12869350210485,0,31.59381043300522
80.98744458546349,-38.37782348865916,49.54588782067762,1,88.99366311868033
25.464065476376383,2.513592337450312,50.2538842054241,1,104.28181459491302
68.15027222239293,-73.45897932932208,30.803268438023437,0,22.03235954586031
76.02278598896865,-52.54035660278822,49.86162253905763,1,61.74654934489749
59.56387406078443,-86.02408853365134,43.10272225935826,0,21.85688580418739
47.15761885501584,-29.26238110415185,45.06877177600228,1,70.92265646591004
41.18409141472685,-35.715542679737034,64.43632003468814,1,93.65627749528355
34.88682665429953,-51.04111061195776,37.434931057207436,1,103.60601324832659
92.95291442478259,-104.45372486221291,58.132051867479774,1,86.85032016095599
83.06194077877291,-97.37210627256431,47.21037069668191,0,5.1594333507566486
96.50269106665125,-95.32764631221815,47.202398315041656,0,17.915317894595923
12.429722348554472,-25.304715766015512,57.90371896051711,1,99.84116700327704
73.08674752036443,-67.35730225430929,53.4005129456889,1,77.46315971535776
93.83404568210378,-86.7426526881826,55.70612997219531,0,9.44910631823305
18.123306616566015,-6.230859548324812,59.68184660532861,0,21.262677362340682
6.6496267366777495,6.953281861992409,46.686916168166775,0,10.153452151527375
74.11206492900591,-59.23903508204045,43.87763265492249,1,84.18199718578191
57.44731131799119,-43.40507971651903,39.148494734422016,0,15.76401418271823
84.1828776758272,-60.54788140075264,41.74589470021045,1,75.30997331401464
13.97723766262895,-21.62760184195389,79.49094425308725,1,92.86848237937015
79.52673118598902,-77.95096307734887,62.44679580736786,1,88.30354296601689
20.162732004774455,-17.456288898197275,36.489256337919784,0,6.92630217769036
16.36559428657045,-35.25542664508529,36.7754204325643,1,96.23168469489711
16.426579793099293,3.9840728775231398,54.81866061718492,0,13.699750204661056
81.45747202313821,-62.26108572931479,55.47264797377967,1,67.2250673849841
66.51972206962002,-42.46344284665394,55.48883835317365,1,68.61543951644983
52.30654247691193,-13.847184725433646,47.45044206446302,0,15.354189218843818
35.88304841235025,-27.46622844223971,48.745457399970995,1,75.91384975094469
87.72005408131082,-68.34983063929941,53.27879524159357,1,98.50586417504289
39.244510742263536,-54.097354742442796,50.858930062933304,1,67.92357228454237
81.65994394715771,-74.79013042604784,27.80699627252465,0,23.834350314036442
43.91349085702184,-19.767990320679395,47.70200369424806,1,70.1496598155888
37.69444294249076,-57.966942849005434,41.485935657396865,1,76.09536438092843
46.26797856696064,-55.329888286448806,51.75211418908512,1,57.34938182022122
30.13778741641421,-32.841695485160606,79.85259002603411,1,76.69192656265194
74.76093801762511,-56.41148893135261,53.67481665474304,0,21.54493665595251
50.27203900924791,-25.826042656546136,46.86470313827602,1,88.10431916053543
23.22126951468173,-12.99391397067959,59.21801501977252,1,83.34921369883055
89.95745732745685,-88.29719515752828,54.826878872092124,1,62.02411812571932
38.38912213732114,-58.980092298876045,54.200944904518416,1,96.26297366065315
54.35528611139886,-66.63288181320193,56.06850593215671,0,9.233208725289865
90.6472110964547,-65.18502755036965,70.56543564829542,0,12.374807608534017
62.42379959139921,-33.1447781737842,38.69111564674084,0,30.363028920724798
11.689804070836407,-11.465136960337185,54.736320768114545,0,14.044650648161408
93.98321236134751,-48.65997940563524,40.73618870018461,1,83.2670350962309
62.770805307141785,-55.064159958485156,55.55512646342248,0,36.99435983008709
33.49056146570861,-24.57841037808686,40.81313488513906,0,15.982049730583665
13.927207266338726,-4.1512182850473485,45.82633186394916,1,71.91858743980856
79.4025189270296,-39.60146913262175,47.049100857620935,1,76.17579544394616
62.00727559285135,-57.30982207282683,59.75816719344709,1,83.84255908541417
53.34610919763215,-34.68637476317706,59.18454443942414,1,97.89966508890689
89.38925830509577,-53.9626541084223,37.542826235536154,0,24.730382821602152
78.85972112245308,-20.003843698737732,50.54934110999849,1,72.53057229773236
15.167487973275119,-11.721266802860551,42.904201452508275,1,72.31198834030175
31.172206779554823,-51.52153937369002,37.414950893246655,0,25.032520647495048
24.848913981446575,-44.798019403375314,47.82982949575629,1,74.79220257331606
74.3946292572677,-52.65925955702008,46.915172115441806,1,91.56203329981957
3.353243473577938,6.350586126564357,74.26716486345522,0,29.411818664199696
56.98896848713165,-52.62278863083068,54.32959825360696,0,21.91897735873036
76.24586857406905,-46.02091327143087,36.22382499245763,0,39.48342644789813
87.67656367617495,-74.66812943823196,44.352259958290574,0,30.251091525817735
34.20817487159075,-38.85774407304296,60.213832954293984,1,75.05766049673021
82.12573046720128,-84.10458273202565,70.88442772869925,1,105.12289509371098
11.063173695520723,-7.348227809217287,34.140166877620416,0,19.52629297455564
84.64522917345182,-64.66107708610699,31.20075614860955,1,46.98134789823622
12.748866233198243,2.9706458147898207,68.70965175371782,1,50.01666639708125
39.72872905603673,-19.37977793423148,53.89614177370904,1,80.51044379520022
79.72953657795536,-60.38644588384138,41.31707268123634,1,89.20656283684863
14.991742734877377,-17.503876790144574,55.346290861224354,0,20.47493468251643
22.92513952326415,-32.04388101211006,23.64252260983122,1,82.51355158701486
72.22525683930662,-45.732521211240126,50.03375506597161,1,97.433893962585
72.00365365460743,-79.99325145807877,53.278211728430854,1,71.90613168894302
64.11476328852973,-47.224956615185256,59.2427013953783,1,93.42365834040238
69.39484444671,-55.19536614214146,39.861040477074624,0,22.270344788648888
54.27244433475962,-32.20978028059035,50.856871614033594,1,66.425782505929
25.179905890695274,16.219679191537907,40.74575373940412,0,25.914421517518548
34.56959935039195,-40.91636042572931,52.55383755674317,1,75.87732048995312
18.159771680142565,-25.580475800500555,41.04653677636976,1,79.30608174100486
90.84505613336283,-68.45613154991706,45.918991608397796,0,11.753877495652391
58.339179476612046,-47.67620433966272,40.04184605209771,1,80.92825029330703
40.08514167636399,-39.80720160665268,56.51136241823657,0,31.95480650825479
46.20058036441327,-13.522276438232481,58.58451116656666,1,77.14638733380177
94.72833396118153,-67.8468770087508,47.653794300425865,1,57.53829997091377
15.33514031160802,-24.182082443613822,50.382379949600285,1,100.44843462698375
58.62298320167972,-28.084045213805044,35.51408585366456,1,75.44560890652998
50.5888678884466,-44.87446329325672,47.00323351993213,1,72.66670821434464
61.14542354346478,-28.567611765420754,49.49795382958255,1,103.83410492666124
1.8110183820840509,-8.445264442170135,76.20793091029975,1,61.366301996761564
87.21239089441515,-69.23529048106988,38.88032974225837,1,63.11619328952047
93.21182824836124,-50.34248536010636,64.64177238752437,0,9.078787996514329
56.51331835892089,-62.68174500399429,59.96858773465808,1,78.98192927450778
69.66508238768922,-44.71319225818065,52.806364044901365,0,29.944473755089074
92.24993811772957,-61.646163938967945,67.58620484195134,1,91.09513202176751
70.72386343133986,-59.58762870353604,53.72105472606863,0,-3.716593608588923
15.253904291426135,-29.43268367457164,53.891591956679285,0,40.4206965292788
57.62883601668132,-30.865741528669105,49.46879346982455,1,89.13103383686625
60.67150463828559,-49.46240145834805,62.235688824186276,1,71.64304141141653
42.4130671302386,-40.36270120914948,60.96469233810883,0,21.571279189909408
73.64442356247228,-69.31212295892499,43.743227125037876,0,21.761898225026926
93.43670147690149,-77.39598451067957,36.80752805401232,1,66.3684549378804
92.55685129067763,-68.54006344629227,47.97019362604343,1,105.26787251905178
45.08393714041321,-23.65329640259977,41.999614356023535,0,13.925277123796928
11.323804584075525,-10.351201912956041,49.36475425384645,0,15.956380073099773
98.48411989623345,-62.70521073720266,62.37438134684139,1,100.265236287305
83.88980864459342,-23.29158966325562,45.4269834491321,0,5.673287102603473
12.466268120326685,-16.52141155862637,49.571766186884254,1,60.039423030036104
92.08418826173724,-87.22637322568272,50.58022734808395,1,47.330484017079684
86.98963620621282,-34.14772243184269,58.484308822052846,1,69.50878189815069
51.88380571260721,-26.361083999436712,27.53110666015395,0,28.199252526352343
59.127543574492925,-56.58934877467231,43.932997052347034,1,81.54287866898501
39.90027038701302,-62.7826483552859,52.11283692279473,1,82.24012866589821
5.476163882203133,-4.6928367208936255,62.000789564268615,1,58.83414753400877
33.519724164590095,-15.895735213235058,45.08097552493795,1,92.04732113921033
80.28534485980114,-61.48482927126832,31.23447293958126,1,83.59441277358496
0.4632023004602859,-20.993708127591002,56.197114459661364,1,90.99581422198997
33.34991716911442,-16.990471048423508,43.646376111743706,1,51.60856733614922
39.81686935909433,-19.865615387521665,38.103333409096386,1,84.67236288196685
53.73956029379229,-35.75049540230335,43.75654610286776,1,62.1835214012371
91.98556164127605,-59.28852018914016,48.1547464234415,1,74.04015121172958
34.634599436596126,-29.547734289198836,43.952553354617876,0,11.20717217588012
34.69532018962277,-52.12643302874163,27.944339429009307,1,81.3664040938387
73.75012481097484,-63.846288945520314,58.970661968871326,1,67.22690030331022
45.221794088980715,-32.392132739290254,62.748750412787224,0,28.46882103884914
22.460482293998197,-13.591216801465396,56.51521991339506,0,18.847757674478025
45.24395161326934,-12.747299160165618,38.62314329575183,1,97.25401093847444
14.085702037979985,-24.515208287591374,47.98508466052482,1,76.92073970755624
17.63869865062233,-12.943400965305834,49.93478684770542,1,96.77824916382988
49.83677727394797,-37.162223115299,55.987943895619104,0,13.316548051531983
41.89254495045479,-81.41064947803675,56.68340488718081,1,72.14636017390126
91.48459010681,-77.66896571093329,42.65826201221504,0,9.415593663583472
36.23938991166331,-17.714646177902885,50.819955564135604,1,93.14260897539613
58.05883502780434,-40.05170407916033,54.57280404615241,0,22.004596314137288
63.22642879195304,-67.80782867151376,64.55822322146767,0,26.08905356254632
1.3094456588333636,-2.746612685133158,57.04506539824723,0,22.620668090867255
66.35373720167107,-31.508820086576353,57.89056687375519,0,0.5043828224563285
17.803596686975144,-28.03131136820817,50.838266279293606,0,16.491505699235255
96.10703174694551,-66.8634641144715,64.10459145203504,0,-2.1834776005108125
14.866272775311295,-39.99248486351222,54.09762795959497,1,80.50854085523507
41.462412372702374,-49.37065088388163,41.389120898264295,1,62.14388396488265
8.534966807864386,-0.11814501141024092,64.0336997012519,0,32.55403609459896
99.68742518459473,-98.96518557370248,56.979032725390276,1,78.6338620947046
50.21950103312426,-41.19343348441046,45.569559788715175,0,10.994096474639383
59.53850173200438,-60.422406512436794,45.205070326007565,1,89.83838206681374
6.7076477388427485,-12.63711045049132,52.96575545140762,0,23.503702163863384
74.99604703991778,-47.301487807071126,54.63184795267585,0,11.55675962816929
20.990559309558577,-7.1391999628849305,51.972922656312065,1,68.43199550676064
89.80542894407138,-87.29375541897453,53.11308673442885,1,53.390455758318055
20.513964048200716,-11.38954125696246,66.9995737457638,1,69.7092536444723
19.068772066366655,-9.200290704463374,60.71543152234886,1,70.74181630028058
3.654966784809488,11.402865262392703,51.90635591265024,1,81.60586179488445
47.206694510999924,-44.11934159270186,59.41310580767483,0,14.384422536693746
56.48411332626164,-76.1251644496565,39.674760964724605,0,14.469101830858676
6.570863942835237,10.756302559545905,53.979270499468086,0,26.958638390937853
77.55276166950105,-62.405501185692216,68.0930634973311,0,31.73442276632445
45.32888347480276,-57.44641511107365,47.81954104607626,1,97.75981164795334
52.439026932758004,-40.75660067752068,41.52366071380915,1,85.12737820932449
44.07627469382282,-42.046596698804265,43.4791111140694,0,25.001430331138838
40.0763060875326,-16.125141947822883,39.10366962657612,1,70.97083337097234
55.96403313082179,-51.195832962772165,42.15238091872297,1,70.50152904927535
15.52402459307125,-9.612055699388769,46.29491901409971,0,25.51885971822154
18.19281304952711,-29.340200374819634,35.94432980821358,0,26.80230208417629
86.17856210135173,-86.75364045455265,50.15618333949603,0,0.6324729749753502
94.61154621336327,-114.53269160096983,59.02277173786647,0,12.386447301910593
37.330931627975296,-38.559242900583875,40.9224381985308,0,11.217367471765334
27.074467314355378,-26.5465186002168,65.19283923641768,1,106.52253939589676
64.39995432390158,-54.43572798278131,55.107920885275945,0,24.80744579767984
40.87341710980964,-27.40123929568739,60.305805856240575,0,34.96710407445981
2.538635566034486,-7.108166104752956,43.42165446147863,1,73.37226609138764
15.615259736619036,-8.061186637209786,58.545252270666154,1,81.66329574242627
71.59722288473975,-59.80469295183602,39.08066099604687,1,105.56888139946065
65.89239419101514,-72.47787838693151,58.90247500836509,0,22.96576938530305
2.709599250348349,12.930459078915938,51.718393397935316,0,32.67651511187974
22.197216193294945,-34.855951371571635,55.53251219984784,1,100.99229640458515
23.10747965880714,-38.24270973714369,38.24405394375148,0,8.42883381286729
67.18927435987284,-51.980391583032095,41.049301577233955,0,6.668716452221934
1.9710537754364155,30.250980464779786,55.972282182533846,1,64.45536128939345
10.410858198457385,0.7886432476505796,40.51651995775799,1,76.94808288379542
79.99160853731894,-83.44820502827179,54.63206292099123,1,79.45115038485604
17.85446620543336,-13.940552029863458,36.32862193539754,1,89.89474997123556
65.27461078518748,-37.23015514372632,58.48174212666668,1,96.3527520653067
23.81827810467265,-11.48299866531486,37.67476685231491,0,31.62838577534986
9.944139275934516,-20.56461181831591,55.522999376795234,0,14.199836673463153
24.317219099945408,-27.65477880297702,56.256309336460006,0,8.435841832561433
72.22669318556592,-54.197373060907324,43.03228181570425,0,28.500793324175532
85.56964681062857,-62.95335127128254,55.82026567084727,1,83.74126531527563
83.02198645669915,-60.541216929702,52.60442263333556,1,75.09990128736435
39.71835296184548,-17.93852960199885,44.61158143807262,1,81.87128149495902
66.80851365706462,-77.67744626769333,39.91445315923792,0,23.231854824582058
20.498429541582098,-11.56393659509558,30.37374308327421,0,32.83816859853562
29.314773026101328,-41.70919623326351,53.496500472996935,0,32.94985584816956
89.63358185211197,-94.52660626052635,34.35197228637945,0,25.44220352340347
1.3001923510736035,-16.01481735307829,50.95344199441308,0,28.458028725629283
8.550853085446807,-0.3663777775867203,47.36551783917751,1,104.5510994274596
20.78862551460273,-22.68685176673133,56.79142775438196,1,77.25048935710704
2.6532203873819715,-1.7596422140418349,46.97954500510136,1,79.70308483218938
18.143543508979732,-0.9593068962318654,46.70552213652908,1,72.76529643595546
58.304156096969216,-51.50871410339942,57.318707042882956,1,96.48475036162947
42.1424550592498,-16.028367180002803,53.35058029084117,0,8.05477060233965
89.26717110769748,-89.22892771308145,53.16155957182778,0,22.85803286794733
81.7443561738441,-58.42622547959938,54.69267589808526,0,11.548460415738411
34.1817351697876,-30.36278297392267,34.64427876792894,1,80.55174249761352
25.94234334312925,-25.003192747695532,57.56788679986982,1,44.23539816821381
37.96924081672669,-26.491818047820193,56.12468794013602,0,4.052440418366675
59.02949425148078,-56.024002423313746,39.83316871423503,1,82.01249623993765
26.806364082287626,-14.321536416492235,47.55919526325799,1,86.42513075991087
62.4148907849134,-63.00137208978939,49.606927123723686,0,28.811467208133692
40.941165219124045,-12.563236971598009,48.655032155982674,0,20.013256887344074
55.204718085198024,-46.0594681613546,53.338599665685344,1,73.8346259524524
43.61265291353167,-63.97405731669961,64.31366781831184,1,95.32434476109559
29.44657595419177,-8.552290894269795,60.81766727672829,0,14.106677685726382
94.84533069621567,-65.71008999909978,36.87780806568594,1,111.23990483164697
76.36057941597608,-68.79708127766459,56.220699903060485,0,28.567024802425557
14.011317576645254,-13.902780790410173,63.2893331953541,1,60.864760100064025
86.84679758979128,-74.7368895609364,53.868085206892026,1,78.07180560122065
48.743119824951364,-46.332302812176046,60.90980425185967,1,70.22487316765377
89.45522268940914,-81.08500017995387,70.12270445700764,1,47.08426295269964
79.98552559473153,-80.63391810512857,60.23709546106981,1,103.99206410170684
42.52135044692334,-40.16436021146636,52.49308595641729,1,90.54713813330005
2.24693083201174,1.821320153668745,60.450884740847535,0,6.474913105592776
26.867735938494608,-31.582794268836658,51.44887833096891,1,82.48105490449556
54.16342146608669,-71.82896619629759,50.23903043284955,0,24.129989121377974
63.347821982614725,-48.688751390353175,46.485857642862676,1,72.74574290666845
25.788768543320227,-6.013075264596562,65.63413358832108,1,92.6267116217602
13.935607407282413,-27.754695965130523,41.81571334057999,1,64.23169955326246
83.4930236799299,-64.98870148463995,65.32367724678116,1,42.0234602562378
98.44021807035521,-46.16213126607364,54.99864123740372,1,76.59340988328611
52.56901823026858,-54.76653974147119,36.006938251980586,0,19.304677137577308
17.16792858483035,-5.704420078555438,53.67649292991422,1,82.03345124622064
27.230732651936897,-20.42658688698711,28.99973492348376,0,30.57814180820796
1.8390676547466733,-6.450959082332557,56.25508016831036,0,14.10887867218873
91.4298806560499,-76.00139972152593,58.852314829889906,0,10.64403701237574
11.775108289014113,-20.061863888296884,44.07644044347946,1,97.93297082130064
57.651647551425356,-39.58902248259263,51.235476959555825,1,57.21545328780028
27.4055220687206,-29.621004627617722,69.54157433750287,1,87.56872721716086
55.417800251579344,-40.44104003750472,44.942532957380635,1,89.39807545005414
65.14203883518643,-63.19578828146169,39.410924129433994,0,23.48341739246127
82.97418037072016,-75.60985655677194,64.81663402462598,0,11.021699335743707
20.64212717606032,-2.4821212101793293,69.62587190530795,1,68.81086810286598
1.0995828658480478,-17.16939803530392,50.03695671847847,1,70.07687836227062
13.688563006880727,-2.911398728793861,60.11463035408356,1,91.30129195253646
90.00186418481051,-84.1223583220656,63.414759155308815,0,40.750650393485415
87.38900775625153,-75.42051590602134,42.57515767461616,1,67.15477222578194
59.74131021703083,-75.36580332555151,45.14694164632132,1,70.82549394958161
60.051686043365336,-44.68935909911449,62.30874513154735,0,6.121314495441981
66.50366745462554,-47.96318202192747,66.85014278708509,1,80.19565061565429
17.53712786234496,-13.738408201559979,55.62880860174355,1,77.31123461964633
91.44119459249598,-68.60525893148265,41.20185646497946,1,78.34991751948422
41.87705248920731,-45.5007705204966,69.87061111699441,0,21.680153405325285
38.31385282494975,-6.406423133410982,44.690291021880356,1,68.76242410095138
51.89177052828376,-25.708180135431697,46.64862218828548,0,25.008315910042114
4.696596677505505,12.259766481683492,53.423378344896214,0,11.2152619865794
16.628336875607943,-27.55728338008999,65.54160420714774,1,77.59370927036979
73.80336164263704,-84.70188990283852,58.539759765522234,1,117.51350746901423
8.279866792512646,-5.057155155948045,54.148655003619105,0,22.166831189642863
60.31521094663882,-45.7198429094609,54.63288530118106,1,74.69471360649491
24.534910968132095,-20.678711221203397,50.43514668643466,1,61.51353141254
38.929561404197656,-48.57182366248098,55.58139514518506,1,94.28692955804254
28.869373677069987,-9.185201928797378,24.70439922305697,1,105.33783400477519
35.567271646494916,-32.02935205821771,47.033925409302014,1,105.04884172106958
71.90459051842456,-72.15163686147609,52.41321934916781,1,98.35923129719006
29.7121715623175,-31.286149798951683,38.48985916380493,0,14.02332316745143
56.64046402968972,-48.15609547273293,53.8632331781156,0,23.70211889941741
47.60504021990997,-53.099723564435095,47.95528779013878,1,54.93245341258903
66.36711653626482,-12.545208834023299,67.5547569831549,1,110.53810302772689
93.6829739324758,-85.11450893894425,65.73019725214857,1,87.03467117222702
73.25720972102503,-48.794632529908675,45.34194430881837,0,24.105500853276165
21.494037859075675,10.264263165586314,48.49162288433305,0,17.689305225423197
3.1183135061284672,-10.162689797777485,49.260524343916074,1,65.40853224859998
26.22640442998251,-41.58600172143038,45.483405238403776,0,28.393491142316023
59.507793070025485,-45.54450673660501,51.950249840281266,1,77.41056298563748
5.1425813484250344,-18.40718328678411,42.4171793111241,0,10.33843276629583
49.636624720123635,-63.893473645928594,38.693846650624735,1,79.04639691220818
59.68428489168892,-67.47114471711186,56.227112239002686,1,58.23608163333164
33.424389081696084,-51.33897920592776,56.29529584221811,0,9.943986243105343
77.09122037458219,-72.80488866574414,41.956842403400074,1,95.73296212813042
10.65982531337718,-9.659364834225636,58.95355430762599,0,14.623542422201835
7.513778173580876,18.018464639592825,43.68422270834669,1,91.6267268238363
72.81887562036033,-54.564163174339036,52.53165238037981,1,64.3170577148892
49.549131620619846,-26.990606366753,58.20344012612456,1,79.60608810095222
68.84023964277361,-87.63633247668609,49.66387435296287,1,70.63234317367134
43.48273386037462,-32.14789990181465,54.54740912141134,1,91.20471260157065
24.640203323910683,-21.560234760895835,44.835703561124284,0,27.918593103880674
81.91023176741997,-73.800466054543,48.03533416571903,0,14.293595697998871
79.94158789689793,-64.60730701310516,47.94140569119659,1,96.315656392368
69.46964708544267,-81.00148327481544,42.53421653459761,1,90.37427862682082
27.21451372299627,-12.431870552380238,48.23225836884218,1,84.09677651440467
59.023066686908706,-50.13756517808561,34.51381701136253,1,65.02681612232892
36.09738969400268,-17.74085296973142,45.08846252857895,1,79.95820833999647
9.158207332663416,12.473771802179854,47.15124506630329,1,72.0036439697625
91.73135754622427,-64.20854967340014,47.4382024750462,1,74.8390406494366
13.68186309189614,-10.389938517790732,47.58502554129221,1,74.38198773874623
95.02373538208025,-69.5794549379053,49.382358001398714,1,65.30111637826633
44.600577295795574,-25.294147138528622,54.79441518086064,0,17.784634024162617
